<?xml version="1.0" encoding="UTF-8"?>
<!DOCTYPE questestinterop SYSTEM "ims_qtiasiv1p2p1.dtd">

<questestinterop>
<assessment ident="canvasquiz_159134652" title="canvasquiz">

<qtimetadata>
<qtimetadatafield>
<fieldlabel>cc_maxattempts</fieldlabel>
<fieldentry>1</fieldentry>
</qtimetadatafield>
<qtimetadatafield>
<fieldlabel>qmd_assessmenttype</fieldlabel>
<fieldentry>Assessment</fieldentry>
</qtimetadatafield>
</qtimetadata>
<objectives>
<material>
<mattext><![CDATA[Please solve the following exercises.]]></mattext>
</material>
</objectives>
<assessmentcontrol feedbackswitch="No" hintswitch="No" solutionswitch="Yes"/>
<outcomes_processing scoremodel="SumOfScores">
<outcomes>
<decvar varname="SCORE" vartype="Decimal" cutvalue="0"/>
</outcomes>
</outcomes_processing>
<assessfeedback title="AssessmentFeedback" ident="AssessmentFeedback">
<flow_mat>
<material>
<mattext>##AssessmentFeedback##</mattext>
</material>
</flow_mat>
</assessfeedback>

<section ident="canvasquiz_159134652_section_1" title="Exercise">

<objectives>
<material>
<mattext><![CDATA[Please answer the following question.]]></mattext>
</material>
</objectives>
<selection_ordering>
<selection>
<selection_number>1</selection_number>
<selection_extension>
<points_per_item>1</points_per_item>
</selection_extension>
</selection>
<order order_type="Random"/>
</selection_ordering>

<item ident="canvasquiz_159134652_section_1_item_1_schoice" title="Question" maxattempts="1">
<itemcontrol feedbackswitch="No" hintswitch="No" solutionswitch="Yes"/>
<itemmetadata>
<qtimetadata>
<qtimetadatafield>
<fieldlabel>question_type</fieldlabel>
<fieldentry>multiple_choice_question</fieldentry>
</qtimetadatafield>
</qtimetadata>
</itemmetadata>
<presentation>
<flow>
<material>
<matbreak/>
<mattext texttype="text/html" charset="utf-8"><![CDATA[
<p>What is the seat of the federal authorities in Switzerland (i.e., the de facto capital)?</p>
]]></mattext>
<matbreak/>
</material>
<response_lid ident="canvasquiz_159134652_section_1_item_1_schoice_RESPONSE_3239215" rcardinality="Single" rtiming="No">
<render_choice shuffle="No">
<flow_label class="List">
<response_label ident="canvasquiz_159134652_section_1_item_1_schoice_2339446947" rshuffle="No">
<material>
<mattext texttype="text/html" charset="utf-8"><![CDATA[
 Basel
]]></mattext>
</material>
</response_label>
</flow_label>
<flow_label class="List">
<response_label ident="canvasquiz_159134652_section_1_item_1_schoice_4296360527" rshuffle="No">
<material>
<mattext texttype="text/html" charset="utf-8"><![CDATA[
 St. Gallen
]]></mattext>
</material>
</response_label>
</flow_label>
<flow_label class="List">
<response_label ident="canvasquiz_159134652_section_1_item_1_schoice_3393404548" rshuffle="No">
<material>
<mattext texttype="text/html" charset="utf-8"><![CDATA[
 Lausanne
]]></mattext>
</material>
</response_label>
</flow_label>
<flow_label class="List">
<response_label ident="canvasquiz_159134652_section_1_item_1_schoice_9353853750" rshuffle="No">
<material>
<mattext texttype="text/html" charset="utf-8"><![CDATA[
 Bern
]]></mattext>
</material>
</response_label>
</flow_label>
<flow_label class="List">
<response_label ident="canvasquiz_159134652_section_1_item_1_schoice_7544085127" rshuffle="No">
<material>
<mattext texttype="text/html" charset="utf-8"><![CDATA[
 Geneva
]]></mattext>
</material>
</response_label>
</flow_label>
</render_choice>
</response_lid>
</flow>
</presentation>
<resprocessing>
<outcomes>
<decvar varname="SCORE" vartype="Decimal" defaultval="0" minvalue="0" maxvalue="1" cutvalue="1"/>
</outcomes>
<respcondition title="Mastery" continue="No">
<conditionvar>
<and>
<varequal respident="canvasquiz_159134652_section_1_item_1_schoice_RESPONSE_3239215" case="Yes">canvasquiz_159134652_section_1_item_1_schoice_9353853750</varequal>
<not> <varequal respident="canvasquiz_159134652_section_1_item_1_schoice_RESPONSE_3239215" case="Yes">canvasquiz_159134652_section_1_item_1_schoice_2339446947</varequal> </not>
<not> <varequal respident="canvasquiz_159134652_section_1_item_1_schoice_RESPONSE_3239215" case="Yes">canvasquiz_159134652_section_1_item_1_schoice_4296360527</varequal> </not>
<not> <varequal respident="canvasquiz_159134652_section_1_item_1_schoice_RESPONSE_3239215" case="Yes">canvasquiz_159134652_section_1_item_1_schoice_3393404548</varequal> </not>
<not> <varequal respident="canvasquiz_159134652_section_1_item_1_schoice_RESPONSE_3239215" case="Yes">canvasquiz_159134652_section_1_item_1_schoice_7544085127</varequal> </not>
</and>
</conditionvar>
<setvar varname="SCORE" action="Set">1</setvar>
<displayfeedback feedbacktype="Response" linkrefid="correct_fb"/>
</respcondition>
<respcondition continue="Yes">
<conditionvar>
<other/>
</conditionvar>
<displayfeedback feedbacktype="Response" linkrefid="general_incorrect_fb"/>
</respcondition>
</resprocessing>
<itemfeedback ident="correct_fb" view="All">
<flow_mat>
<material>
<mattext texttype="text/html"><![CDATA[
<p>There is no de jure capital but the de facto capital and seat of the federal authorities is Bern.</p>
<br />
<ul>
<li> Basel <br /> False </li>
<li> St. Gallen <br /> False </li>
<li> Lausanne <br /> False </li>
<li> Bern <br /> True </li>
<li> Geneva <br /> False </li>
</ul>
]]></mattext>
</material>
</flow_mat>
</itemfeedback>
<itemfeedback ident="general_incorrect_fb" view="All">
<flow_mat>
<material>
<mattext texttype="text/html"><![CDATA[
<p>There is no de jure capital but the de facto capital and seat of the federal authorities is Bern.</p>
<br />
<ul>
<li> Basel <br /> False </li>
<li> St. Gallen <br /> False </li>
<li> Lausanne <br /> False </li>
<li> Bern <br /> True </li>
<li> Geneva <br /> False </li>
</ul>
]]></mattext>
</material>
</flow_mat>
</itemfeedback>
</item>

<item ident="canvasquiz_159134652_section_1_item_2_schoice" title="Question" maxattempts="1">
<itemcontrol feedbackswitch="No" hintswitch="No" solutionswitch="Yes"/>
<itemmetadata>
<qtimetadata>
<qtimetadatafield>
<fieldlabel>question_type</fieldlabel>
<fieldentry>multiple_choice_question</fieldentry>
</qtimetadatafield>
</qtimetadata>
</itemmetadata>
<presentation>
<flow>
<material>
<matbreak/>
<mattext texttype="text/html" charset="utf-8"><![CDATA[
<p>What is the seat of the federal authorities in Switzerland (i.e., the de facto capital)?</p>
]]></mattext>
<matbreak/>
</material>
<response_lid ident="canvasquiz_159134652_section_1_item_2_schoice_RESPONSE_6582948" rcardinality="Single" rtiming="No">
<render_choice shuffle="No">
<flow_label class="List">
<response_label ident="canvasquiz_159134652_section_1_item_2_schoice_1699752217" rshuffle="No">
<material>
<mattext texttype="text/html" charset="utf-8"><![CDATA[
 St. Gallen
]]></mattext>
</material>
</response_label>
</flow_label>
<flow_label class="List">
<response_label ident="canvasquiz_159134652_section_1_item_2_schoice_5658018049" rshuffle="No">
<material>
<mattext texttype="text/html" charset="utf-8"><![CDATA[
 Lausanne
]]></mattext>
</material>
</response_label>
</flow_label>
<flow_label class="List">
<response_label ident="canvasquiz_159134652_section_1_item_2_schoice_1448465448" rshuffle="No">
<material>
<mattext texttype="text/html" charset="utf-8"><![CDATA[
 Zurich
]]></mattext>
</material>
</response_label>
</flow_label>
<flow_label class="List">
<response_label ident="canvasquiz_159134652_section_1_item_2_schoice_1097203463" rshuffle="No">
<material>
<mattext texttype="text/html" charset="utf-8"><![CDATA[
 Basel
]]></mattext>
</material>
</response_label>
</flow_label>
<flow_label class="List">
<response_label ident="canvasquiz_159134652_section_1_item_2_schoice_1400173345" rshuffle="No">
<material>
<mattext texttype="text/html" charset="utf-8"><![CDATA[
 Bern
]]></mattext>
</material>
</response_label>
</flow_label>
</render_choice>
</response_lid>
</flow>
</presentation>
<resprocessing>
<outcomes>
<decvar varname="SCORE" vartype="Decimal" defaultval="0" minvalue="0" maxvalue="1" cutvalue="1"/>
</outcomes>
<respcondition title="Mastery" continue="No">
<conditionvar>
<and>
<varequal respident="canvasquiz_159134652_section_1_item_2_schoice_RESPONSE_6582948" case="Yes">canvasquiz_159134652_section_1_item_2_schoice_1400173345</varequal>
<not> <varequal respident="canvasquiz_159134652_section_1_item_2_schoice_RESPONSE_6582948" case="Yes">canvasquiz_159134652_section_1_item_2_schoice_1699752217</varequal> </not>
<not> <varequal respident="canvasquiz_159134652_section_1_item_2_schoice_RESPONSE_6582948" case="Yes">canvasquiz_159134652_section_1_item_2_schoice_5658018049</varequal> </not>
<not> <varequal respident="canvasquiz_159134652_section_1_item_2_schoice_RESPONSE_6582948" case="Yes">canvasquiz_159134652_section_1_item_2_schoice_1448465448</varequal> </not>
<not> <varequal respident="canvasquiz_159134652_section_1_item_2_schoice_RESPONSE_6582948" case="Yes">canvasquiz_159134652_section_1_item_2_schoice_1097203463</varequal> </not>
</and>
</conditionvar>
<setvar varname="SCORE" action="Set">1</setvar>
<displayfeedback feedbacktype="Response" linkrefid="correct_fb"/>
</respcondition>
<respcondition continue="Yes">
<conditionvar>
<other/>
</conditionvar>
<displayfeedback feedbacktype="Response" linkrefid="general_incorrect_fb"/>
</respcondition>
</resprocessing>
<itemfeedback ident="correct_fb" view="All">
<flow_mat>
<material>
<mattext texttype="text/html"><![CDATA[
<p>There is no de jure capital but the de facto capital and seat of the federal authorities is Bern.</p>
<br />
<ul>
<li> St. Gallen <br /> False </li>
<li> Lausanne <br /> False </li>
<li> Zurich <br /> False </li>
<li> Basel <br /> False </li>
<li> Bern <br /> True </li>
</ul>
]]></mattext>
</material>
</flow_mat>
</itemfeedback>
<itemfeedback ident="general_incorrect_fb" view="All">
<flow_mat>
<material>
<mattext texttype="text/html"><![CDATA[
<p>There is no de jure capital but the de facto capital and seat of the federal authorities is Bern.</p>
<br />
<ul>
<li> St. Gallen <br /> False </li>
<li> Lausanne <br /> False </li>
<li> Zurich <br /> False </li>
<li> Basel <br /> False </li>
<li> Bern <br /> True </li>
</ul>
]]></mattext>
</material>
</flow_mat>
</itemfeedback>
</item>

<item ident="canvasquiz_159134652_section_1_item_3_schoice" title="Question" maxattempts="1">
<itemcontrol feedbackswitch="No" hintswitch="No" solutionswitch="Yes"/>
<itemmetadata>
<qtimetadata>
<qtimetadatafield>
<fieldlabel>question_type</fieldlabel>
<fieldentry>multiple_choice_question</fieldentry>
</qtimetadatafield>
</qtimetadata>
</itemmetadata>
<presentation>
<flow>
<material>
<matbreak/>
<mattext texttype="text/html" charset="utf-8"><![CDATA[
<p>What is the seat of the federal authorities in Switzerland (i.e., the de facto capital)?</p>
]]></mattext>
<matbreak/>
</material>
<response_lid ident="canvasquiz_159134652_section_1_item_3_schoice_RESPONSE_3713123" rcardinality="Single" rtiming="No">
<render_choice shuffle="No">
<flow_label class="List">
<response_label ident="canvasquiz_159134652_section_1_item_3_schoice_1999326109" rshuffle="No">
<material>
<mattext texttype="text/html" charset="utf-8"><![CDATA[
 Vaduz
]]></mattext>
</material>
</response_label>
</flow_label>
<flow_label class="List">
<response_label ident="canvasquiz_159134652_section_1_item_3_schoice_3453190202" rshuffle="No">
<material>
<mattext texttype="text/html" charset="utf-8"><![CDATA[
 Lausanne
]]></mattext>
</material>
</response_label>
</flow_label>
<flow_label class="List">
<response_label ident="canvasquiz_159134652_section_1_item_3_schoice_1636587300" rshuffle="No">
<material>
<mattext texttype="text/html" charset="utf-8"><![CDATA[
 Bern
]]></mattext>
</material>
</response_label>
</flow_label>
<flow_label class="List">
<response_label ident="canvasquiz_159134652_section_1_item_3_schoice_7219266803" rshuffle="No">
<material>
<mattext texttype="text/html" charset="utf-8"><![CDATA[
 St. Gallen
]]></mattext>
</material>
</response_label>
</flow_label>
<flow_label class="List">
<response_label ident="canvasquiz_159134652_section_1_item_3_schoice_8537450818" rshuffle="No">
<material>
<mattext texttype="text/html" charset="utf-8"><![CDATA[
 Zurich
]]></mattext>
</material>
</response_label>
</flow_label>
</render_choice>
</response_lid>
</flow>
</presentation>
<resprocessing>
<outcomes>
<decvar varname="SCORE" vartype="Decimal" defaultval="0" minvalue="0" maxvalue="1" cutvalue="1"/>
</outcomes>
<respcondition title="Mastery" continue="No">
<conditionvar>
<and>
<varequal respident="canvasquiz_159134652_section_1_item_3_schoice_RESPONSE_3713123" case="Yes">canvasquiz_159134652_section_1_item_3_schoice_1636587300</varequal>
<not> <varequal respident="canvasquiz_159134652_section_1_item_3_schoice_RESPONSE_3713123" case="Yes">canvasquiz_159134652_section_1_item_3_schoice_1999326109</varequal> </not>
<not> <varequal respident="canvasquiz_159134652_section_1_item_3_schoice_RESPONSE_3713123" case="Yes">canvasquiz_159134652_section_1_item_3_schoice_3453190202</varequal> </not>
<not> <varequal respident="canvasquiz_159134652_section_1_item_3_schoice_RESPONSE_3713123" case="Yes">canvasquiz_159134652_section_1_item_3_schoice_7219266803</varequal> </not>
<not> <varequal respident="canvasquiz_159134652_section_1_item_3_schoice_RESPONSE_3713123" case="Yes">canvasquiz_159134652_section_1_item_3_schoice_8537450818</varequal> </not>
</and>
</conditionvar>
<setvar varname="SCORE" action="Set">1</setvar>
<displayfeedback feedbacktype="Response" linkrefid="correct_fb"/>
</respcondition>
<respcondition continue="Yes">
<conditionvar>
<other/>
</conditionvar>
<displayfeedback feedbacktype="Response" linkrefid="general_incorrect_fb"/>
</respcondition>
</resprocessing>
<itemfeedback ident="correct_fb" view="All">
<flow_mat>
<material>
<mattext texttype="text/html"><![CDATA[
<p>There is no de jure capital but the de facto capital and seat of the federal authorities is Bern.</p>
<br />
<ul>
<li> Vaduz <br /> False </li>
<li> Lausanne <br /> False </li>
<li> Bern <br /> True </li>
<li> St. Gallen <br /> False </li>
<li> Zurich <br /> False </li>
</ul>
]]></mattext>
</material>
</flow_mat>
</itemfeedback>
<itemfeedback ident="general_incorrect_fb" view="All">
<flow_mat>
<material>
<mattext texttype="text/html"><![CDATA[
<p>There is no de jure capital but the de facto capital and seat of the federal authorities is Bern.</p>
<br />
<ul>
<li> Vaduz <br /> False </li>
<li> Lausanne <br /> False </li>
<li> Bern <br /> True </li>
<li> St. Gallen <br /> False </li>
<li> Zurich <br /> False </li>
</ul>
]]></mattext>
</material>
</flow_mat>
</itemfeedback>
</item>


</section>
<section ident="canvasquiz_159134652_section_2" title="Exercise">

<objectives>
<material>
<mattext><![CDATA[Please answer the following question.]]></mattext>
</material>
</objectives>
<selection_ordering>
<selection>
<selection_number>1</selection_number>
<selection_extension>
<points_per_item>1</points_per_item>
</selection_extension>
</selection>
<order order_type="Random"/>
</selection_ordering>

<item ident="canvasquiz_159134652_section_2_item_1_mchoice" title="Question" maxattempts="1">
<itemcontrol feedbackswitch="No" hintswitch="No" solutionswitch="Yes"/>
<itemmetadata>
<qtimetadata>
<qtimetadatafield>
<fieldlabel>question_type</fieldlabel>
<fieldentry>multiple_answers_question</fieldentry>
</qtimetadatafield>
</qtimetadata>
</itemmetadata>
<presentation>
<flow>
<material>
<matbreak/>
<mattext texttype="text/html" charset="utf-8"><![CDATA[
<p>In the following figure the distributions of a variable
given by two samples (A and B) are represented by parallel boxplots.
Which of the following statements are correct? <em>(Comment: The
statements are either about correct or clearly wrong.)</em><br />
<img src="data/supplements_1_2/boxplot-1.png" /></p>
]]></mattext>
<matbreak/>
</material>
<response_lid ident="canvasquiz_159134652_section_2_item_1_mchoice_RESPONSE_7548188" rcardinality="Multiple" rtiming="No">
<render_choice shuffle="No">
<flow_label class="List">
<response_label ident="canvasquiz_159134652_section_2_item_1_mchoice_6858955612" rshuffle="No">
<material>
<mattext texttype="text/html" charset="utf-8"><![CDATA[
 The location of both distributions is about the same.
]]></mattext>
</material>
</response_label>
</flow_label>
<flow_label class="List">
<response_label ident="canvasquiz_159134652_section_2_item_1_mchoice_1125418981" rshuffle="No">
<material>
<mattext texttype="text/html" charset="utf-8"><![CDATA[
 Both distributions contain no outliers.
]]></mattext>
</material>
</response_label>
</flow_label>
<flow_label class="List">
<response_label ident="canvasquiz_159134652_section_2_item_1_mchoice_1635168597" rshuffle="No">
<material>
<mattext texttype="text/html" charset="utf-8"><![CDATA[
 The spread in sample A is clearly bigger than in B.
]]></mattext>
</material>
</response_label>
</flow_label>
<flow_label class="List">
<response_label ident="canvasquiz_159134652_section_2_item_1_mchoice_4855747274" rshuffle="No">
<material>
<mattext texttype="text/html" charset="utf-8"><![CDATA[
 The skewness of both samples is similar.
]]></mattext>
</material>
</response_label>
</flow_label>
<flow_label class="List">
<response_label ident="canvasquiz_159134652_section_2_item_1_mchoice_2242863327" rshuffle="No">
<material>
<mattext texttype="text/html" charset="utf-8"><![CDATA[
 Distribution B is about symmetric.
]]></mattext>
</material>
</response_label>
</flow_label>
</render_choice>
</response_lid>
</flow>
</presentation>
<resprocessing>
<outcomes>
<decvar varname="SCORE" vartype="Decimal" defaultval="0" minvalue="0" maxvalue="1" cutvalue="1"/>
</outcomes>
<respcondition continue="Yes" title="Mastery">
<conditionvar>
<varequal respident="canvasquiz_159134652_section_2_item_1_mchoice_RESPONSE_7548188" case="Yes">canvasquiz_159134652_section_2_item_1_mchoice_1125418981</varequal>
</conditionvar>
<setvar varname="SCORE" action="Add">0.333333333333333</setvar>
</respcondition>
<respcondition continue="Yes" title="Mastery">
<conditionvar>
<varequal respident="canvasquiz_159134652_section_2_item_1_mchoice_RESPONSE_7548188" case="Yes">canvasquiz_159134652_section_2_item_1_mchoice_4855747274</varequal>
</conditionvar>
<setvar varname="SCORE" action="Add">0.333333333333333</setvar>
</respcondition>
<respcondition continue="Yes" title="Mastery">
<conditionvar>
<varequal respident="canvasquiz_159134652_section_2_item_1_mchoice_RESPONSE_7548188" case="Yes">canvasquiz_159134652_section_2_item_1_mchoice_2242863327</varequal>
</conditionvar>
<setvar varname="SCORE" action="Add">0.333333333333333</setvar>
</respcondition>
<respcondition continue="Yes" title="Fail">
<conditionvar>
<varequal respident="canvasquiz_159134652_section_2_item_1_mchoice_RESPONSE_7548188" case="Yes">canvasquiz_159134652_section_2_item_1_mchoice_6858955612</varequal>
</conditionvar>
<setvar varname="SCORE" action="Add">-0.5</setvar>
<displayfeedback feedbacktype="Solution" linkrefid="Solution"/>
</respcondition>
<respcondition continue="Yes" title="Fail">
<conditionvar>
<varequal respident="canvasquiz_159134652_section_2_item_1_mchoice_RESPONSE_7548188" case="Yes">canvasquiz_159134652_section_2_item_1_mchoice_1635168597</varequal>
</conditionvar>
<setvar varname="SCORE" action="Add">-0.5</setvar>
<displayfeedback feedbacktype="Solution" linkrefid="Solution"/>
</respcondition>
<respcondition title="Mastery" continue="No">
<conditionvar>
<and>
<varequal respident="canvasquiz_159134652_section_2_item_1_mchoice_RESPONSE_7548188" case="Yes">canvasquiz_159134652_section_2_item_1_mchoice_1125418981</varequal>
<varequal respident="canvasquiz_159134652_section_2_item_1_mchoice_RESPONSE_7548188" case="Yes">canvasquiz_159134652_section_2_item_1_mchoice_4855747274</varequal>
<varequal respident="canvasquiz_159134652_section_2_item_1_mchoice_RESPONSE_7548188" case="Yes">canvasquiz_159134652_section_2_item_1_mchoice_2242863327</varequal>
<not> <varequal respident="canvasquiz_159134652_section_2_item_1_mchoice_RESPONSE_7548188" case="Yes">canvasquiz_159134652_section_2_item_1_mchoice_6858955612</varequal> </not>
<not> <varequal respident="canvasquiz_159134652_section_2_item_1_mchoice_RESPONSE_7548188" case="Yes">canvasquiz_159134652_section_2_item_1_mchoice_1635168597</varequal> </not>
</and>
</conditionvar>
<displayfeedback feedbacktype="Response" linkrefid="correct_fb"/>
</respcondition>
<respcondition continue="Yes">
<conditionvar>
<other/>
</conditionvar>
<displayfeedback feedbacktype="Response" linkrefid="general_incorrect_fb"/>
</respcondition>
</resprocessing>
<itemfeedback ident="correct_fb" view="All">
<flow_mat>
<material>
<mattext texttype="text/html"><![CDATA[
<ul>
<li> The location of both distributions is about the same. <br /> False. Distribution A has on average higher values than distribution B. </li>
<li> Both distributions contain no outliers. <br /> True. Both distributions have no observations which deviate more than 1.5 times the interquartile range from the box. </li>
<li> The spread in sample A is clearly bigger than in B. <br /> False. The interquartile range in sample A is <em>not</em> clearly bigger than in B. </li>
<li> The skewness of both samples is similar. <br /> True. The skewness of both distributions is similar, both are about symmetric. </li>
<li> Distribution B is about symmetric. <br /> True. Distribution B is about symmetric. </li>
</ul>
]]></mattext>
</material>
</flow_mat>
</itemfeedback>
<itemfeedback ident="general_incorrect_fb" view="All">
<flow_mat>
<material>
<mattext texttype="text/html"><![CDATA[
<ul>
<li> The location of both distributions is about the same. <br /> False. Distribution A has on average higher values than distribution B. </li>
<li> Both distributions contain no outliers. <br /> True. Both distributions have no observations which deviate more than 1.5 times the interquartile range from the box. </li>
<li> The spread in sample A is clearly bigger than in B. <br /> False. The interquartile range in sample A is <em>not</em> clearly bigger than in B. </li>
<li> The skewness of both samples is similar. <br /> True. The skewness of both distributions is similar, both are about symmetric. </li>
<li> Distribution B is about symmetric. <br /> True. Distribution B is about symmetric. </li>
</ul>
]]></mattext>
</material>
</flow_mat>
</itemfeedback>
</item>

<item ident="canvasquiz_159134652_section_2_item_2_mchoice" title="Question" maxattempts="1">
<itemcontrol feedbackswitch="No" hintswitch="No" solutionswitch="Yes"/>
<itemmetadata>
<qtimetadata>
<qtimetadatafield>
<fieldlabel>question_type</fieldlabel>
<fieldentry>multiple_answers_question</fieldentry>
</qtimetadatafield>
</qtimetadata>
</itemmetadata>
<presentation>
<flow>
<material>
<matbreak/>
<mattext texttype="text/html" charset="utf-8"><![CDATA[
<p>In the following figure the distributions of a variable
given by two samples (A and B) are represented by parallel boxplots.
Which of the following statements are correct? <em>(Comment: The
statements are either about correct or clearly wrong.)</em><br />
<img src="data/supplements_2_2/boxplot-1.png" /></p>
]]></mattext>
<matbreak/>
</material>
<response_lid ident="canvasquiz_159134652_section_2_item_2_mchoice_RESPONSE_7995996" rcardinality="Multiple" rtiming="No">
<render_choice shuffle="No">
<flow_label class="List">
<response_label ident="canvasquiz_159134652_section_2_item_2_mchoice_1271646994" rshuffle="No">
<material>
<mattext texttype="text/html" charset="utf-8"><![CDATA[
 The location of both distributions is about the same.
]]></mattext>
</material>
</response_label>
</flow_label>
<flow_label class="List">
<response_label ident="canvasquiz_159134652_section_2_item_2_mchoice_5005595807" rshuffle="No">
<material>
<mattext texttype="text/html" charset="utf-8"><![CDATA[
 Both distributions contain no outliers.
]]></mattext>
</material>
</response_label>
</flow_label>
<flow_label class="List">
<response_label ident="canvasquiz_159134652_section_2_item_2_mchoice_5092745797" rshuffle="No">
<material>
<mattext texttype="text/html" charset="utf-8"><![CDATA[
 The spread in sample A is clearly bigger than in B.
]]></mattext>
</material>
</response_label>
</flow_label>
<flow_label class="List">
<response_label ident="canvasquiz_159134652_section_2_item_2_mchoice_4629044381" rshuffle="No">
<material>
<mattext texttype="text/html" charset="utf-8"><![CDATA[
 The skewness of both samples is similar.
]]></mattext>
</material>
</response_label>
</flow_label>
<flow_label class="List">
<response_label ident="canvasquiz_159134652_section_2_item_2_mchoice_9115986240" rshuffle="No">
<material>
<mattext texttype="text/html" charset="utf-8"><![CDATA[
 Distribution B is about symmetric.
]]></mattext>
</material>
</response_label>
</flow_label>
</render_choice>
</response_lid>
</flow>
</presentation>
<resprocessing>
<outcomes>
<decvar varname="SCORE" vartype="Decimal" defaultval="0" minvalue="0" maxvalue="1" cutvalue="1"/>
</outcomes>
<respcondition continue="Yes" title="Mastery">
<conditionvar>
<varequal respident="canvasquiz_159134652_section_2_item_2_mchoice_RESPONSE_7995996" case="Yes">canvasquiz_159134652_section_2_item_2_mchoice_5005595807</varequal>
</conditionvar>
<setvar varname="SCORE" action="Add">0.333333333333333</setvar>
</respcondition>
<respcondition continue="Yes" title="Mastery">
<conditionvar>
<varequal respident="canvasquiz_159134652_section_2_item_2_mchoice_RESPONSE_7995996" case="Yes">canvasquiz_159134652_section_2_item_2_mchoice_5092745797</varequal>
</conditionvar>
<setvar varname="SCORE" action="Add">0.333333333333333</setvar>
</respcondition>
<respcondition continue="Yes" title="Mastery">
<conditionvar>
<varequal respident="canvasquiz_159134652_section_2_item_2_mchoice_RESPONSE_7995996" case="Yes">canvasquiz_159134652_section_2_item_2_mchoice_9115986240</varequal>
</conditionvar>
<setvar varname="SCORE" action="Add">0.333333333333333</setvar>
</respcondition>
<respcondition continue="Yes" title="Fail">
<conditionvar>
<varequal respident="canvasquiz_159134652_section_2_item_2_mchoice_RESPONSE_7995996" case="Yes">canvasquiz_159134652_section_2_item_2_mchoice_1271646994</varequal>
</conditionvar>
<setvar varname="SCORE" action="Add">-0.5</setvar>
<displayfeedback feedbacktype="Solution" linkrefid="Solution"/>
</respcondition>
<respcondition continue="Yes" title="Fail">
<conditionvar>
<varequal respident="canvasquiz_159134652_section_2_item_2_mchoice_RESPONSE_7995996" case="Yes">canvasquiz_159134652_section_2_item_2_mchoice_4629044381</varequal>
</conditionvar>
<setvar varname="SCORE" action="Add">-0.5</setvar>
<displayfeedback feedbacktype="Solution" linkrefid="Solution"/>
</respcondition>
<respcondition title="Mastery" continue="No">
<conditionvar>
<and>
<varequal respident="canvasquiz_159134652_section_2_item_2_mchoice_RESPONSE_7995996" case="Yes">canvasquiz_159134652_section_2_item_2_mchoice_5005595807</varequal>
<varequal respident="canvasquiz_159134652_section_2_item_2_mchoice_RESPONSE_7995996" case="Yes">canvasquiz_159134652_section_2_item_2_mchoice_5092745797</varequal>
<varequal respident="canvasquiz_159134652_section_2_item_2_mchoice_RESPONSE_7995996" case="Yes">canvasquiz_159134652_section_2_item_2_mchoice_9115986240</varequal>
<not> <varequal respident="canvasquiz_159134652_section_2_item_2_mchoice_RESPONSE_7995996" case="Yes">canvasquiz_159134652_section_2_item_2_mchoice_1271646994</varequal> </not>
<not> <varequal respident="canvasquiz_159134652_section_2_item_2_mchoice_RESPONSE_7995996" case="Yes">canvasquiz_159134652_section_2_item_2_mchoice_4629044381</varequal> </not>
</and>
</conditionvar>
<displayfeedback feedbacktype="Response" linkrefid="correct_fb"/>
</respcondition>
<respcondition continue="Yes">
<conditionvar>
<other/>
</conditionvar>
<displayfeedback feedbacktype="Response" linkrefid="general_incorrect_fb"/>
</respcondition>
</resprocessing>
<itemfeedback ident="correct_fb" view="All">
<flow_mat>
<material>
<mattext texttype="text/html"><![CDATA[
<ul>
<li> The location of both distributions is about the same. <br /> False. Distribution A has on average higher values than distribution B. </li>
<li> Both distributions contain no outliers. <br /> True. Both distributions have no observations which deviate more than 1.5 times the interquartile range from the box. </li>
<li> The spread in sample A is clearly bigger than in B. <br /> True. The interquartile range in sample A is clearly bigger than in B. </li>
<li> The skewness of both samples is similar. <br /> False. The skewness of both distributions is different. Sample A is right-skewed. Sample B is about symmetric. </li>
<li> Distribution B is about symmetric. <br /> True. Distribution B is about symmetric. </li>
</ul>
]]></mattext>
</material>
</flow_mat>
</itemfeedback>
<itemfeedback ident="general_incorrect_fb" view="All">
<flow_mat>
<material>
<mattext texttype="text/html"><![CDATA[
<ul>
<li> The location of both distributions is about the same. <br /> False. Distribution A has on average higher values than distribution B. </li>
<li> Both distributions contain no outliers. <br /> True. Both distributions have no observations which deviate more than 1.5 times the interquartile range from the box. </li>
<li> The spread in sample A is clearly bigger than in B. <br /> True. The interquartile range in sample A is clearly bigger than in B. </li>
<li> The skewness of both samples is similar. <br /> False. The skewness of both distributions is different. Sample A is right-skewed. Sample B is about symmetric. </li>
<li> Distribution B is about symmetric. <br /> True. Distribution B is about symmetric. </li>
</ul>
]]></mattext>
</material>
</flow_mat>
</itemfeedback>
</item>

<item ident="canvasquiz_159134652_section_2_item_3_mchoice" title="Question" maxattempts="1">
<itemcontrol feedbackswitch="No" hintswitch="No" solutionswitch="Yes"/>
<itemmetadata>
<qtimetadata>
<qtimetadatafield>
<fieldlabel>question_type</fieldlabel>
<fieldentry>multiple_answers_question</fieldentry>
</qtimetadatafield>
</qtimetadata>
</itemmetadata>
<presentation>
<flow>
<material>
<matbreak/>
<mattext texttype="text/html" charset="utf-8"><![CDATA[
<p>In the following figure the distributions of a variable
given by two samples (A and B) are represented by parallel boxplots.
Which of the following statements are correct? <em>(Comment: The
statements are either about correct or clearly wrong.)</em><br />
<img src="data/supplements_3_2/boxplot-1.png" /></p>
]]></mattext>
<matbreak/>
</material>
<response_lid ident="canvasquiz_159134652_section_2_item_3_mchoice_RESPONSE_8558271" rcardinality="Multiple" rtiming="No">
<render_choice shuffle="No">
<flow_label class="List">
<response_label ident="canvasquiz_159134652_section_2_item_3_mchoice_6958964666" rshuffle="No">
<material>
<mattext texttype="text/html" charset="utf-8"><![CDATA[
 The location of both distributions is about the same.
]]></mattext>
</material>
</response_label>
</flow_label>
<flow_label class="List">
<response_label ident="canvasquiz_159134652_section_2_item_3_mchoice_9133828378" rshuffle="No">
<material>
<mattext texttype="text/html" charset="utf-8"><![CDATA[
 Both distributions contain no outliers.
]]></mattext>
</material>
</response_label>
</flow_label>
<flow_label class="List">
<response_label ident="canvasquiz_159134652_section_2_item_3_mchoice_2544689292" rshuffle="No">
<material>
<mattext texttype="text/html" charset="utf-8"><![CDATA[
 The spread in sample A is clearly bigger than in B.
]]></mattext>
</material>
</response_label>
</flow_label>
<flow_label class="List">
<response_label ident="canvasquiz_159134652_section_2_item_3_mchoice_8229127265" rshuffle="No">
<material>
<mattext texttype="text/html" charset="utf-8"><![CDATA[
 The skewness of both samples is similar.
]]></mattext>
</material>
</response_label>
</flow_label>
<flow_label class="List">
<response_label ident="canvasquiz_159134652_section_2_item_3_mchoice_6776341918" rshuffle="No">
<material>
<mattext texttype="text/html" charset="utf-8"><![CDATA[
 Distribution B is right-skewed.
]]></mattext>
</material>
</response_label>
</flow_label>
</render_choice>
</response_lid>
</flow>
</presentation>
<resprocessing>
<outcomes>
<decvar varname="SCORE" vartype="Decimal" defaultval="0" minvalue="0" maxvalue="1" cutvalue="1"/>
</outcomes>
<respcondition continue="Yes" title="Mastery">
<conditionvar>
<varequal respident="canvasquiz_159134652_section_2_item_3_mchoice_RESPONSE_8558271" case="Yes">canvasquiz_159134652_section_2_item_3_mchoice_6958964666</varequal>
</conditionvar>
<setvar varname="SCORE" action="Add">0.333333333333333</setvar>
</respcondition>
<respcondition continue="Yes" title="Mastery">
<conditionvar>
<varequal respident="canvasquiz_159134652_section_2_item_3_mchoice_RESPONSE_8558271" case="Yes">canvasquiz_159134652_section_2_item_3_mchoice_9133828378</varequal>
</conditionvar>
<setvar varname="SCORE" action="Add">0.333333333333333</setvar>
</respcondition>
<respcondition continue="Yes" title="Mastery">
<conditionvar>
<varequal respident="canvasquiz_159134652_section_2_item_3_mchoice_RESPONSE_8558271" case="Yes">canvasquiz_159134652_section_2_item_3_mchoice_8229127265</varequal>
</conditionvar>
<setvar varname="SCORE" action="Add">0.333333333333333</setvar>
</respcondition>
<respcondition continue="Yes" title="Fail">
<conditionvar>
<varequal respident="canvasquiz_159134652_section_2_item_3_mchoice_RESPONSE_8558271" case="Yes">canvasquiz_159134652_section_2_item_3_mchoice_2544689292</varequal>
</conditionvar>
<setvar varname="SCORE" action="Add">-0.5</setvar>
<displayfeedback feedbacktype="Solution" linkrefid="Solution"/>
</respcondition>
<respcondition continue="Yes" title="Fail">
<conditionvar>
<varequal respident="canvasquiz_159134652_section_2_item_3_mchoice_RESPONSE_8558271" case="Yes">canvasquiz_159134652_section_2_item_3_mchoice_6776341918</varequal>
</conditionvar>
<setvar varname="SCORE" action="Add">-0.5</setvar>
<displayfeedback feedbacktype="Solution" linkrefid="Solution"/>
</respcondition>
<respcondition title="Mastery" continue="No">
<conditionvar>
<and>
<varequal respident="canvasquiz_159134652_section_2_item_3_mchoice_RESPONSE_8558271" case="Yes">canvasquiz_159134652_section_2_item_3_mchoice_6958964666</varequal>
<varequal respident="canvasquiz_159134652_section_2_item_3_mchoice_RESPONSE_8558271" case="Yes">canvasquiz_159134652_section_2_item_3_mchoice_9133828378</varequal>
<varequal respident="canvasquiz_159134652_section_2_item_3_mchoice_RESPONSE_8558271" case="Yes">canvasquiz_159134652_section_2_item_3_mchoice_8229127265</varequal>
<not> <varequal respident="canvasquiz_159134652_section_2_item_3_mchoice_RESPONSE_8558271" case="Yes">canvasquiz_159134652_section_2_item_3_mchoice_2544689292</varequal> </not>
<not> <varequal respident="canvasquiz_159134652_section_2_item_3_mchoice_RESPONSE_8558271" case="Yes">canvasquiz_159134652_section_2_item_3_mchoice_6776341918</varequal> </not>
</and>
</conditionvar>
<displayfeedback feedbacktype="Response" linkrefid="correct_fb"/>
</respcondition>
<respcondition continue="Yes">
<conditionvar>
<other/>
</conditionvar>
<displayfeedback feedbacktype="Response" linkrefid="general_incorrect_fb"/>
</respcondition>
</resprocessing>
<itemfeedback ident="correct_fb" view="All">
<flow_mat>
<material>
<mattext texttype="text/html"><![CDATA[
<ul>
<li> The location of both distributions is about the same. <br /> True. Both distributions have a similar location. </li>
<li> Both distributions contain no outliers. <br /> True. Both distributions have no observations which deviate more than 1.5 times the interquartile range from the box. </li>
<li> The spread in sample A is clearly bigger than in B. <br /> False. The interquartile range in sample A is <em>not</em> clearly bigger than in B. </li>
<li> The skewness of both samples is similar. <br /> True. The skewness of both distributions is similar, both are about symmetric. </li>
<li> Distribution B is right-skewed. <br /> False. Distribution B is about symmetric. </li>
</ul>
]]></mattext>
</material>
</flow_mat>
</itemfeedback>
<itemfeedback ident="general_incorrect_fb" view="All">
<flow_mat>
<material>
<mattext texttype="text/html"><![CDATA[
<ul>
<li> The location of both distributions is about the same. <br /> True. Both distributions have a similar location. </li>
<li> Both distributions contain no outliers. <br /> True. Both distributions have no observations which deviate more than 1.5 times the interquartile range from the box. </li>
<li> The spread in sample A is clearly bigger than in B. <br /> False. The interquartile range in sample A is <em>not</em> clearly bigger than in B. </li>
<li> The skewness of both samples is similar. <br /> True. The skewness of both distributions is similar, both are about symmetric. </li>
<li> Distribution B is right-skewed. <br /> False. Distribution B is about symmetric. </li>
</ul>
]]></mattext>
</material>
</flow_mat>
</itemfeedback>
</item>


</section>
<section ident="canvasquiz_159134652_section_3" title="Exercise">

<objectives>
<material>
<mattext><![CDATA[Please answer the following question.]]></mattext>
</material>
</objectives>
<selection_ordering>
<selection>
<selection_number>1</selection_number>
<selection_extension>
<points_per_item>1</points_per_item>
</selection_extension>
</selection>
<order order_type="Random"/>
</selection_ordering>

<item ident="canvasquiz_159134652_section_3_item_1_num" title="Question" maxattempts="1">
<itemcontrol feedbackswitch="No" hintswitch="No" solutionswitch="Yes"/>
<itemmetadata>
<qtimetadata>
<qtimetadatafield>
<fieldlabel>question_type</fieldlabel>
<fieldentry>numerical_question</fieldentry>
</qtimetadatafield>
</qtimetadata>
</itemmetadata>
<presentation>
<flow>
<material>
<matbreak/>
<mattext texttype="text/html" charset="utf-8"><![CDATA[
<p>What is the derivative of <math display="inline" xmlns="http://www.w3.org/1998/Math/MathML"><semantics><mrow><mi>f</mi><mrow><mo stretchy="true" form="prefix">(</mo><mi>x</mi><mo stretchy="true" form="postfix">)</mo></mrow><mo>=</mo><msup><mi>x</mi><mn>6</mn></msup><msup><mi>e</mi><mrow><mn>3.9</mn><mi>x</mi></mrow></msup></mrow><annotation encoding="application/x-tex">f(x) = x^{6} e^{3.9 x}</annotation></semantics></math>, evaluated at <math display="inline" xmlns="http://www.w3.org/1998/Math/MathML"><semantics><mrow><mi>x</mi><mo>=</mo><mn>0.59</mn></mrow><annotation encoding="application/x-tex">x = 0.59</annotation></semantics></math>?</p>
]]></mattext>
<matbreak/>
</material>
<response_num ident="canvasquiz_159134652_section_3_item_1_num_RESPONSE_2978657" rcardinality="Single" numtype="Decimal">
<render_fib fibtype="Decimal" maxchars="12">
<flow_label class="Block">
<response_label ident="canvasquiz_159134652_section_3_item_1_num_RESPONSE_2978657" rshuffle="No"/>
</flow_label>
</render_fib>
</response_num>
<material>
<matbreak/>
</material>
</flow>
</presentation>
<resprocessing>
<outcomes>
<decvar varname="SCORE" vartype="Decimal" defaultval="0" minvalue="0" maxvalue="1" cutvalue="1"/>
</outcomes>
<respcondition title="Mastery" continue="No">
<conditionvar>

<or>
<varequal respident="canvasquiz_159134652_section_3_item_1_num_RESPONSE_2978657" case="No"><![CDATA[5.93]]></varequal>
<and>
<vargte respident="canvasquiz_159134652_section_3_item_1_num_RESPONSE_2978657"><![CDATA[5.92]]></vargte>
<varlte respident="canvasquiz_159134652_section_3_item_1_num_RESPONSE_2978657"><![CDATA[5.94]]></varlte>
</and>
</or>
</conditionvar>
<setvar varname="SCORE" action="Set">1</setvar>
<displayfeedback feedbacktype="Response" linkrefid="correct_fb"/>
</respcondition>
<respcondition continue="Yes">
<conditionvar>
<other/>
</conditionvar>
<displayfeedback feedbacktype="Response" linkrefid="general_incorrect_fb"/>
</respcondition>
</resprocessing>
<itemfeedback ident="correct_fb" view="All">
<flow_mat>
<material>
<mattext texttype="text/html"><![CDATA[
<p>Using the product rule for <math display="inline" xmlns="http://www.w3.org/1998/Math/MathML"><semantics><mrow><mi>f</mi><mrow><mo stretchy="true" form="prefix">(</mo><mi>x</mi><mo stretchy="true" form="postfix">)</mo></mrow><mo>=</mo><mi>g</mi><mrow><mo stretchy="true" form="prefix">(</mo><mi>x</mi><mo stretchy="true" form="postfix">)</mo></mrow><mo>⋅</mo><mi>h</mi><mrow><mo stretchy="true" form="prefix">(</mo><mi>x</mi><mo stretchy="true" form="postfix">)</mo></mrow></mrow><annotation encoding="application/x-tex">f(x) = g(x) \cdot h(x)</annotation></semantics></math>, where <math display="inline" xmlns="http://www.w3.org/1998/Math/MathML"><semantics><mrow><mi>g</mi><mrow><mo stretchy="true" form="prefix">(</mo><mi>x</mi><mo stretchy="true" form="postfix">)</mo></mrow><mo>:=</mo><msup><mi>x</mi><mn>6</mn></msup></mrow><annotation encoding="application/x-tex">g(x) := x^{6}</annotation></semantics></math> and <math display="inline" xmlns="http://www.w3.org/1998/Math/MathML"><semantics><mrow><mi>h</mi><mrow><mo stretchy="true" form="prefix">(</mo><mi>x</mi><mo stretchy="true" form="postfix">)</mo></mrow><mo>:=</mo><msup><mi>e</mi><mrow><mn>3.9</mn><mi>x</mi></mrow></msup></mrow><annotation encoding="application/x-tex">h(x) := e^{3.9 x}</annotation></semantics></math>, we obtain
<math display="block" xmlns="http://www.w3.org/1998/Math/MathML"><semantics><mtable><mtr><mtd columnalign="right" style="text-align: right"><mi>f</mi><mi>′</mi><mrow><mo stretchy="true" form="prefix">(</mo><mi>x</mi><mo stretchy="true" form="postfix">)</mo></mrow></mtd><mtd columnalign="left" style="text-align: left"><mo>=</mo><mrow><mo stretchy="true" form="prefix">[</mo><mi>g</mi><mrow><mo stretchy="true" form="prefix">(</mo><mi>x</mi><mo stretchy="true" form="postfix">)</mo></mrow><mo>⋅</mo><mi>h</mi><mrow><mo stretchy="true" form="prefix">(</mo><mi>x</mi><mo stretchy="true" form="postfix">)</mo></mrow><mo stretchy="true" form="postfix">]</mo></mrow><mi>′</mi><mo>=</mo><mi>g</mi><mi>′</mi><mrow><mo stretchy="true" form="prefix">(</mo><mi>x</mi><mo stretchy="true" form="postfix">)</mo></mrow><mo>⋅</mo><mi>h</mi><mrow><mo stretchy="true" form="prefix">(</mo><mi>x</mi><mo stretchy="true" form="postfix">)</mo></mrow><mo>+</mo><mi>g</mi><mrow><mo stretchy="true" form="prefix">(</mo><mi>x</mi><mo stretchy="true" form="postfix">)</mo></mrow><mo>⋅</mo><mi>h</mi><mi>′</mi><mrow><mo stretchy="true" form="prefix">(</mo><mi>x</mi><mo stretchy="true" form="postfix">)</mo></mrow></mtd></mtr><mtr><mtd columnalign="right" style="text-align: right"></mtd><mtd columnalign="left" style="text-align: left"><mo>=</mo><mn>6</mn><msup><mi>x</mi><mrow><mn>6</mn><mo>−</mo><mn>1</mn></mrow></msup><mo>⋅</mo><msup><mi>e</mi><mrow><mn>3.9</mn><mi>x</mi></mrow></msup><mo>+</mo><msup><mi>x</mi><mn>6</mn></msup><mo>⋅</mo><msup><mi>e</mi><mrow><mn>3.9</mn><mi>x</mi></mrow></msup><mo>⋅</mo><mn>3.9</mn></mtd></mtr><mtr><mtd columnalign="right" style="text-align: right"></mtd><mtd columnalign="left" style="text-align: left"><mo>=</mo><msup><mi>e</mi><mrow><mn>3.9</mn><mi>x</mi></mrow></msup><mo>⋅</mo><mrow><mo stretchy="true" form="prefix">(</mo><mn>6</mn><msup><mi>x</mi><mn>5</mn></msup><mo>+</mo><mn>3.9</mn><msup><mi>x</mi><mn>6</mn></msup><mo stretchy="true" form="postfix">)</mo></mrow></mtd></mtr><mtr><mtd columnalign="right" style="text-align: right"></mtd><mtd columnalign="left" style="text-align: left"><mo>=</mo><msup><mi>e</mi><mrow><mn>3.9</mn><mi>x</mi></mrow></msup><mo>⋅</mo><msup><mi>x</mi><mn>5</mn></msup><mo>⋅</mo><mrow><mo stretchy="true" form="prefix">(</mo><mn>6</mn><mo>+</mo><mn>3.9</mn><mi>x</mi><mo stretchy="true" form="postfix">)</mo></mrow><mi>.</mi></mtd></mtr></mtable><annotation encoding="application/x-tex">
\begin{aligned}
f&#39;(x) &amp;= [g(x) \cdot h(x)]&#39; = g&#39;(x) \cdot h(x) + g(x) \cdot h&#39;(x) \\
      &amp;= 6 x^{6 - 1} \cdot e^{3.9 x} + x^{6} \cdot e^{3.9 x} \cdot 3.9 \\
      &amp;= e^{3.9 x} \cdot(6 x^5 + 3.9 x^{6}) \\
      &amp;= e^{3.9 x} \cdot x^5 \cdot (6 + 3.9 x).
\end{aligned}
</annotation></semantics></math>
Evaluated at <math display="inline" xmlns="http://www.w3.org/1998/Math/MathML"><semantics><mrow><mi>x</mi><mo>=</mo><mn>0.59</mn></mrow><annotation encoding="application/x-tex">x = 0.59</annotation></semantics></math>, the answer is
<math display="block" xmlns="http://www.w3.org/1998/Math/MathML"><semantics><mrow><msup><mi>e</mi><mrow><mn>3.9</mn><mo>⋅</mo><mn>0.59</mn></mrow></msup><mo>⋅</mo><msup><mn>0.59</mn><mn>5</mn></msup><mo>⋅</mo><mrow><mo stretchy="true" form="prefix">(</mo><mn>6</mn><mo>+</mo><mn>3.9</mn><mo>⋅</mo><mn>0.59</mn><mo stretchy="true" form="postfix">)</mo></mrow><mo>=</mo><mn>5.925187</mn><mi>.</mi></mrow><annotation encoding="application/x-tex"> e^{3.9 \cdot 0.59} \cdot 0.59^5 \cdot (6 + 3.9 \cdot 0.59) = 5.925187. </annotation></semantics></math>
Thus, rounded to two digits we have <math display="inline" xmlns="http://www.w3.org/1998/Math/MathML"><semantics><mrow><mi>f</mi><mi>′</mi><mrow><mo stretchy="true" form="prefix">(</mo><mn>0.59</mn><mo stretchy="true" form="postfix">)</mo></mrow><mo>=</mo><mn>5.93</mn></mrow><annotation encoding="application/x-tex">f&#39;(0.59) = 5.93</annotation></semantics></math>.</p>
]]></mattext>
</material>
</flow_mat>
</itemfeedback>
<itemfeedback ident="general_incorrect_fb" view="All">
<flow_mat>
<material>
<mattext texttype="text/html"><![CDATA[
<p>Using the product rule for <math display="inline" xmlns="http://www.w3.org/1998/Math/MathML"><semantics><mrow><mi>f</mi><mrow><mo stretchy="true" form="prefix">(</mo><mi>x</mi><mo stretchy="true" form="postfix">)</mo></mrow><mo>=</mo><mi>g</mi><mrow><mo stretchy="true" form="prefix">(</mo><mi>x</mi><mo stretchy="true" form="postfix">)</mo></mrow><mo>⋅</mo><mi>h</mi><mrow><mo stretchy="true" form="prefix">(</mo><mi>x</mi><mo stretchy="true" form="postfix">)</mo></mrow></mrow><annotation encoding="application/x-tex">f(x) = g(x) \cdot h(x)</annotation></semantics></math>, where <math display="inline" xmlns="http://www.w3.org/1998/Math/MathML"><semantics><mrow><mi>g</mi><mrow><mo stretchy="true" form="prefix">(</mo><mi>x</mi><mo stretchy="true" form="postfix">)</mo></mrow><mo>:=</mo><msup><mi>x</mi><mn>6</mn></msup></mrow><annotation encoding="application/x-tex">g(x) := x^{6}</annotation></semantics></math> and <math display="inline" xmlns="http://www.w3.org/1998/Math/MathML"><semantics><mrow><mi>h</mi><mrow><mo stretchy="true" form="prefix">(</mo><mi>x</mi><mo stretchy="true" form="postfix">)</mo></mrow><mo>:=</mo><msup><mi>e</mi><mrow><mn>3.9</mn><mi>x</mi></mrow></msup></mrow><annotation encoding="application/x-tex">h(x) := e^{3.9 x}</annotation></semantics></math>, we obtain
<math display="block" xmlns="http://www.w3.org/1998/Math/MathML"><semantics><mtable><mtr><mtd columnalign="right" style="text-align: right"><mi>f</mi><mi>′</mi><mrow><mo stretchy="true" form="prefix">(</mo><mi>x</mi><mo stretchy="true" form="postfix">)</mo></mrow></mtd><mtd columnalign="left" style="text-align: left"><mo>=</mo><mrow><mo stretchy="true" form="prefix">[</mo><mi>g</mi><mrow><mo stretchy="true" form="prefix">(</mo><mi>x</mi><mo stretchy="true" form="postfix">)</mo></mrow><mo>⋅</mo><mi>h</mi><mrow><mo stretchy="true" form="prefix">(</mo><mi>x</mi><mo stretchy="true" form="postfix">)</mo></mrow><mo stretchy="true" form="postfix">]</mo></mrow><mi>′</mi><mo>=</mo><mi>g</mi><mi>′</mi><mrow><mo stretchy="true" form="prefix">(</mo><mi>x</mi><mo stretchy="true" form="postfix">)</mo></mrow><mo>⋅</mo><mi>h</mi><mrow><mo stretchy="true" form="prefix">(</mo><mi>x</mi><mo stretchy="true" form="postfix">)</mo></mrow><mo>+</mo><mi>g</mi><mrow><mo stretchy="true" form="prefix">(</mo><mi>x</mi><mo stretchy="true" form="postfix">)</mo></mrow><mo>⋅</mo><mi>h</mi><mi>′</mi><mrow><mo stretchy="true" form="prefix">(</mo><mi>x</mi><mo stretchy="true" form="postfix">)</mo></mrow></mtd></mtr><mtr><mtd columnalign="right" style="text-align: right"></mtd><mtd columnalign="left" style="text-align: left"><mo>=</mo><mn>6</mn><msup><mi>x</mi><mrow><mn>6</mn><mo>−</mo><mn>1</mn></mrow></msup><mo>⋅</mo><msup><mi>e</mi><mrow><mn>3.9</mn><mi>x</mi></mrow></msup><mo>+</mo><msup><mi>x</mi><mn>6</mn></msup><mo>⋅</mo><msup><mi>e</mi><mrow><mn>3.9</mn><mi>x</mi></mrow></msup><mo>⋅</mo><mn>3.9</mn></mtd></mtr><mtr><mtd columnalign="right" style="text-align: right"></mtd><mtd columnalign="left" style="text-align: left"><mo>=</mo><msup><mi>e</mi><mrow><mn>3.9</mn><mi>x</mi></mrow></msup><mo>⋅</mo><mrow><mo stretchy="true" form="prefix">(</mo><mn>6</mn><msup><mi>x</mi><mn>5</mn></msup><mo>+</mo><mn>3.9</mn><msup><mi>x</mi><mn>6</mn></msup><mo stretchy="true" form="postfix">)</mo></mrow></mtd></mtr><mtr><mtd columnalign="right" style="text-align: right"></mtd><mtd columnalign="left" style="text-align: left"><mo>=</mo><msup><mi>e</mi><mrow><mn>3.9</mn><mi>x</mi></mrow></msup><mo>⋅</mo><msup><mi>x</mi><mn>5</mn></msup><mo>⋅</mo><mrow><mo stretchy="true" form="prefix">(</mo><mn>6</mn><mo>+</mo><mn>3.9</mn><mi>x</mi><mo stretchy="true" form="postfix">)</mo></mrow><mi>.</mi></mtd></mtr></mtable><annotation encoding="application/x-tex">
\begin{aligned}
f&#39;(x) &amp;= [g(x) \cdot h(x)]&#39; = g&#39;(x) \cdot h(x) + g(x) \cdot h&#39;(x) \\
      &amp;= 6 x^{6 - 1} \cdot e^{3.9 x} + x^{6} \cdot e^{3.9 x} \cdot 3.9 \\
      &amp;= e^{3.9 x} \cdot(6 x^5 + 3.9 x^{6}) \\
      &amp;= e^{3.9 x} \cdot x^5 \cdot (6 + 3.9 x).
\end{aligned}
</annotation></semantics></math>
Evaluated at <math display="inline" xmlns="http://www.w3.org/1998/Math/MathML"><semantics><mrow><mi>x</mi><mo>=</mo><mn>0.59</mn></mrow><annotation encoding="application/x-tex">x = 0.59</annotation></semantics></math>, the answer is
<math display="block" xmlns="http://www.w3.org/1998/Math/MathML"><semantics><mrow><msup><mi>e</mi><mrow><mn>3.9</mn><mo>⋅</mo><mn>0.59</mn></mrow></msup><mo>⋅</mo><msup><mn>0.59</mn><mn>5</mn></msup><mo>⋅</mo><mrow><mo stretchy="true" form="prefix">(</mo><mn>6</mn><mo>+</mo><mn>3.9</mn><mo>⋅</mo><mn>0.59</mn><mo stretchy="true" form="postfix">)</mo></mrow><mo>=</mo><mn>5.925187</mn><mi>.</mi></mrow><annotation encoding="application/x-tex"> e^{3.9 \cdot 0.59} \cdot 0.59^5 \cdot (6 + 3.9 \cdot 0.59) = 5.925187. </annotation></semantics></math>
Thus, rounded to two digits we have <math display="inline" xmlns="http://www.w3.org/1998/Math/MathML"><semantics><mrow><mi>f</mi><mi>′</mi><mrow><mo stretchy="true" form="prefix">(</mo><mn>0.59</mn><mo stretchy="true" form="postfix">)</mo></mrow><mo>=</mo><mn>5.93</mn></mrow><annotation encoding="application/x-tex">f&#39;(0.59) = 5.93</annotation></semantics></math>.</p>
]]></mattext>
</material>
</flow_mat>
</itemfeedback>
</item>

<item ident="canvasquiz_159134652_section_3_item_2_num" title="Question" maxattempts="1">
<itemcontrol feedbackswitch="No" hintswitch="No" solutionswitch="Yes"/>
<itemmetadata>
<qtimetadata>
<qtimetadatafield>
<fieldlabel>question_type</fieldlabel>
<fieldentry>numerical_question</fieldentry>
</qtimetadatafield>
</qtimetadata>
</itemmetadata>
<presentation>
<flow>
<material>
<matbreak/>
<mattext texttype="text/html" charset="utf-8"><![CDATA[
<p>What is the derivative of <math display="inline" xmlns="http://www.w3.org/1998/Math/MathML"><semantics><mrow><mi>f</mi><mrow><mo stretchy="true" form="prefix">(</mo><mi>x</mi><mo stretchy="true" form="postfix">)</mo></mrow><mo>=</mo><msup><mi>x</mi><mn>4</mn></msup><msup><mi>e</mi><mrow><mn>3</mn><mi>x</mi></mrow></msup></mrow><annotation encoding="application/x-tex">f(x) = x^{4} e^{3 x}</annotation></semantics></math>, evaluated at <math display="inline" xmlns="http://www.w3.org/1998/Math/MathML"><semantics><mrow><mi>x</mi><mo>=</mo><mn>0.62</mn></mrow><annotation encoding="application/x-tex">x = 0.62</annotation></semantics></math>?</p>
]]></mattext>
<matbreak/>
</material>
<response_num ident="canvasquiz_159134652_section_3_item_2_num_RESPONSE_4765795" rcardinality="Single" numtype="Decimal">
<render_fib fibtype="Decimal" maxchars="12">
<flow_label class="Block">
<response_label ident="canvasquiz_159134652_section_3_item_2_num_RESPONSE_4765795" rshuffle="No"/>
</flow_label>
</render_fib>
</response_num>
<material>
<matbreak/>
</material>
</flow>
</presentation>
<resprocessing>
<outcomes>
<decvar varname="SCORE" vartype="Decimal" defaultval="0" minvalue="0" maxvalue="1" cutvalue="1"/>
</outcomes>
<respcondition title="Mastery" continue="No">
<conditionvar>

<or>
<varequal respident="canvasquiz_159134652_section_3_item_2_num_RESPONSE_4765795" case="No"><![CDATA[8.97]]></varequal>
<and>
<vargte respident="canvasquiz_159134652_section_3_item_2_num_RESPONSE_4765795"><![CDATA[8.96]]></vargte>
<varlte respident="canvasquiz_159134652_section_3_item_2_num_RESPONSE_4765795"><![CDATA[8.98]]></varlte>
</and>
</or>
</conditionvar>
<setvar varname="SCORE" action="Set">1</setvar>
<displayfeedback feedbacktype="Response" linkrefid="correct_fb"/>
</respcondition>
<respcondition continue="Yes">
<conditionvar>
<other/>
</conditionvar>
<displayfeedback feedbacktype="Response" linkrefid="general_incorrect_fb"/>
</respcondition>
</resprocessing>
<itemfeedback ident="correct_fb" view="All">
<flow_mat>
<material>
<mattext texttype="text/html"><![CDATA[
<p>Using the product rule for <math display="inline" xmlns="http://www.w3.org/1998/Math/MathML"><semantics><mrow><mi>f</mi><mrow><mo stretchy="true" form="prefix">(</mo><mi>x</mi><mo stretchy="true" form="postfix">)</mo></mrow><mo>=</mo><mi>g</mi><mrow><mo stretchy="true" form="prefix">(</mo><mi>x</mi><mo stretchy="true" form="postfix">)</mo></mrow><mo>⋅</mo><mi>h</mi><mrow><mo stretchy="true" form="prefix">(</mo><mi>x</mi><mo stretchy="true" form="postfix">)</mo></mrow></mrow><annotation encoding="application/x-tex">f(x) = g(x) \cdot h(x)</annotation></semantics></math>, where <math display="inline" xmlns="http://www.w3.org/1998/Math/MathML"><semantics><mrow><mi>g</mi><mrow><mo stretchy="true" form="prefix">(</mo><mi>x</mi><mo stretchy="true" form="postfix">)</mo></mrow><mo>:=</mo><msup><mi>x</mi><mn>4</mn></msup></mrow><annotation encoding="application/x-tex">g(x) := x^{4}</annotation></semantics></math> and <math display="inline" xmlns="http://www.w3.org/1998/Math/MathML"><semantics><mrow><mi>h</mi><mrow><mo stretchy="true" form="prefix">(</mo><mi>x</mi><mo stretchy="true" form="postfix">)</mo></mrow><mo>:=</mo><msup><mi>e</mi><mrow><mn>3</mn><mi>x</mi></mrow></msup></mrow><annotation encoding="application/x-tex">h(x) := e^{3 x}</annotation></semantics></math>, we obtain
<math display="block" xmlns="http://www.w3.org/1998/Math/MathML"><semantics><mtable><mtr><mtd columnalign="right" style="text-align: right"><mi>f</mi><mi>′</mi><mrow><mo stretchy="true" form="prefix">(</mo><mi>x</mi><mo stretchy="true" form="postfix">)</mo></mrow></mtd><mtd columnalign="left" style="text-align: left"><mo>=</mo><mrow><mo stretchy="true" form="prefix">[</mo><mi>g</mi><mrow><mo stretchy="true" form="prefix">(</mo><mi>x</mi><mo stretchy="true" form="postfix">)</mo></mrow><mo>⋅</mo><mi>h</mi><mrow><mo stretchy="true" form="prefix">(</mo><mi>x</mi><mo stretchy="true" form="postfix">)</mo></mrow><mo stretchy="true" form="postfix">]</mo></mrow><mi>′</mi><mo>=</mo><mi>g</mi><mi>′</mi><mrow><mo stretchy="true" form="prefix">(</mo><mi>x</mi><mo stretchy="true" form="postfix">)</mo></mrow><mo>⋅</mo><mi>h</mi><mrow><mo stretchy="true" form="prefix">(</mo><mi>x</mi><mo stretchy="true" form="postfix">)</mo></mrow><mo>+</mo><mi>g</mi><mrow><mo stretchy="true" form="prefix">(</mo><mi>x</mi><mo stretchy="true" form="postfix">)</mo></mrow><mo>⋅</mo><mi>h</mi><mi>′</mi><mrow><mo stretchy="true" form="prefix">(</mo><mi>x</mi><mo stretchy="true" form="postfix">)</mo></mrow></mtd></mtr><mtr><mtd columnalign="right" style="text-align: right"></mtd><mtd columnalign="left" style="text-align: left"><mo>=</mo><mn>4</mn><msup><mi>x</mi><mrow><mn>4</mn><mo>−</mo><mn>1</mn></mrow></msup><mo>⋅</mo><msup><mi>e</mi><mrow><mn>3</mn><mi>x</mi></mrow></msup><mo>+</mo><msup><mi>x</mi><mn>4</mn></msup><mo>⋅</mo><msup><mi>e</mi><mrow><mn>3</mn><mi>x</mi></mrow></msup><mo>⋅</mo><mn>3</mn></mtd></mtr><mtr><mtd columnalign="right" style="text-align: right"></mtd><mtd columnalign="left" style="text-align: left"><mo>=</mo><msup><mi>e</mi><mrow><mn>3</mn><mi>x</mi></mrow></msup><mo>⋅</mo><mrow><mo stretchy="true" form="prefix">(</mo><mn>4</mn><msup><mi>x</mi><mn>3</mn></msup><mo>+</mo><mn>3</mn><msup><mi>x</mi><mn>4</mn></msup><mo stretchy="true" form="postfix">)</mo></mrow></mtd></mtr><mtr><mtd columnalign="right" style="text-align: right"></mtd><mtd columnalign="left" style="text-align: left"><mo>=</mo><msup><mi>e</mi><mrow><mn>3</mn><mi>x</mi></mrow></msup><mo>⋅</mo><msup><mi>x</mi><mn>3</mn></msup><mo>⋅</mo><mrow><mo stretchy="true" form="prefix">(</mo><mn>4</mn><mo>+</mo><mn>3</mn><mi>x</mi><mo stretchy="true" form="postfix">)</mo></mrow><mi>.</mi></mtd></mtr></mtable><annotation encoding="application/x-tex">
\begin{aligned}
f&#39;(x) &amp;= [g(x) \cdot h(x)]&#39; = g&#39;(x) \cdot h(x) + g(x) \cdot h&#39;(x) \\
      &amp;= 4 x^{4 - 1} \cdot e^{3 x} + x^{4} \cdot e^{3 x} \cdot 3 \\
      &amp;= e^{3 x} \cdot(4 x^3 + 3 x^{4}) \\
      &amp;= e^{3 x} \cdot x^3 \cdot (4 + 3 x).
\end{aligned}
</annotation></semantics></math>
Evaluated at <math display="inline" xmlns="http://www.w3.org/1998/Math/MathML"><semantics><mrow><mi>x</mi><mo>=</mo><mn>0.62</mn></mrow><annotation encoding="application/x-tex">x = 0.62</annotation></semantics></math>, the answer is
<math display="block" xmlns="http://www.w3.org/1998/Math/MathML"><semantics><mrow><msup><mi>e</mi><mrow><mn>3</mn><mo>⋅</mo><mn>0.62</mn></mrow></msup><mo>⋅</mo><msup><mn>0.62</mn><mn>3</mn></msup><mo>⋅</mo><mrow><mo stretchy="true" form="prefix">(</mo><mn>4</mn><mo>+</mo><mn>3</mn><mo>⋅</mo><mn>0.62</mn><mo stretchy="true" form="postfix">)</mo></mrow><mo>=</mo><mn>8.971404</mn><mi>.</mi></mrow><annotation encoding="application/x-tex"> e^{3 \cdot 0.62} \cdot 0.62^3 \cdot (4 + 3 \cdot 0.62) = 8.971404. </annotation></semantics></math>
Thus, rounded to two digits we have <math display="inline" xmlns="http://www.w3.org/1998/Math/MathML"><semantics><mrow><mi>f</mi><mi>′</mi><mrow><mo stretchy="true" form="prefix">(</mo><mn>0.62</mn><mo stretchy="true" form="postfix">)</mo></mrow><mo>=</mo><mn>8.97</mn></mrow><annotation encoding="application/x-tex">f&#39;(0.62) = 8.97</annotation></semantics></math>.</p>
]]></mattext>
</material>
</flow_mat>
</itemfeedback>
<itemfeedback ident="general_incorrect_fb" view="All">
<flow_mat>
<material>
<mattext texttype="text/html"><![CDATA[
<p>Using the product rule for <math display="inline" xmlns="http://www.w3.org/1998/Math/MathML"><semantics><mrow><mi>f</mi><mrow><mo stretchy="true" form="prefix">(</mo><mi>x</mi><mo stretchy="true" form="postfix">)</mo></mrow><mo>=</mo><mi>g</mi><mrow><mo stretchy="true" form="prefix">(</mo><mi>x</mi><mo stretchy="true" form="postfix">)</mo></mrow><mo>⋅</mo><mi>h</mi><mrow><mo stretchy="true" form="prefix">(</mo><mi>x</mi><mo stretchy="true" form="postfix">)</mo></mrow></mrow><annotation encoding="application/x-tex">f(x) = g(x) \cdot h(x)</annotation></semantics></math>, where <math display="inline" xmlns="http://www.w3.org/1998/Math/MathML"><semantics><mrow><mi>g</mi><mrow><mo stretchy="true" form="prefix">(</mo><mi>x</mi><mo stretchy="true" form="postfix">)</mo></mrow><mo>:=</mo><msup><mi>x</mi><mn>4</mn></msup></mrow><annotation encoding="application/x-tex">g(x) := x^{4}</annotation></semantics></math> and <math display="inline" xmlns="http://www.w3.org/1998/Math/MathML"><semantics><mrow><mi>h</mi><mrow><mo stretchy="true" form="prefix">(</mo><mi>x</mi><mo stretchy="true" form="postfix">)</mo></mrow><mo>:=</mo><msup><mi>e</mi><mrow><mn>3</mn><mi>x</mi></mrow></msup></mrow><annotation encoding="application/x-tex">h(x) := e^{3 x}</annotation></semantics></math>, we obtain
<math display="block" xmlns="http://www.w3.org/1998/Math/MathML"><semantics><mtable><mtr><mtd columnalign="right" style="text-align: right"><mi>f</mi><mi>′</mi><mrow><mo stretchy="true" form="prefix">(</mo><mi>x</mi><mo stretchy="true" form="postfix">)</mo></mrow></mtd><mtd columnalign="left" style="text-align: left"><mo>=</mo><mrow><mo stretchy="true" form="prefix">[</mo><mi>g</mi><mrow><mo stretchy="true" form="prefix">(</mo><mi>x</mi><mo stretchy="true" form="postfix">)</mo></mrow><mo>⋅</mo><mi>h</mi><mrow><mo stretchy="true" form="prefix">(</mo><mi>x</mi><mo stretchy="true" form="postfix">)</mo></mrow><mo stretchy="true" form="postfix">]</mo></mrow><mi>′</mi><mo>=</mo><mi>g</mi><mi>′</mi><mrow><mo stretchy="true" form="prefix">(</mo><mi>x</mi><mo stretchy="true" form="postfix">)</mo></mrow><mo>⋅</mo><mi>h</mi><mrow><mo stretchy="true" form="prefix">(</mo><mi>x</mi><mo stretchy="true" form="postfix">)</mo></mrow><mo>+</mo><mi>g</mi><mrow><mo stretchy="true" form="prefix">(</mo><mi>x</mi><mo stretchy="true" form="postfix">)</mo></mrow><mo>⋅</mo><mi>h</mi><mi>′</mi><mrow><mo stretchy="true" form="prefix">(</mo><mi>x</mi><mo stretchy="true" form="postfix">)</mo></mrow></mtd></mtr><mtr><mtd columnalign="right" style="text-align: right"></mtd><mtd columnalign="left" style="text-align: left"><mo>=</mo><mn>4</mn><msup><mi>x</mi><mrow><mn>4</mn><mo>−</mo><mn>1</mn></mrow></msup><mo>⋅</mo><msup><mi>e</mi><mrow><mn>3</mn><mi>x</mi></mrow></msup><mo>+</mo><msup><mi>x</mi><mn>4</mn></msup><mo>⋅</mo><msup><mi>e</mi><mrow><mn>3</mn><mi>x</mi></mrow></msup><mo>⋅</mo><mn>3</mn></mtd></mtr><mtr><mtd columnalign="right" style="text-align: right"></mtd><mtd columnalign="left" style="text-align: left"><mo>=</mo><msup><mi>e</mi><mrow><mn>3</mn><mi>x</mi></mrow></msup><mo>⋅</mo><mrow><mo stretchy="true" form="prefix">(</mo><mn>4</mn><msup><mi>x</mi><mn>3</mn></msup><mo>+</mo><mn>3</mn><msup><mi>x</mi><mn>4</mn></msup><mo stretchy="true" form="postfix">)</mo></mrow></mtd></mtr><mtr><mtd columnalign="right" style="text-align: right"></mtd><mtd columnalign="left" style="text-align: left"><mo>=</mo><msup><mi>e</mi><mrow><mn>3</mn><mi>x</mi></mrow></msup><mo>⋅</mo><msup><mi>x</mi><mn>3</mn></msup><mo>⋅</mo><mrow><mo stretchy="true" form="prefix">(</mo><mn>4</mn><mo>+</mo><mn>3</mn><mi>x</mi><mo stretchy="true" form="postfix">)</mo></mrow><mi>.</mi></mtd></mtr></mtable><annotation encoding="application/x-tex">
\begin{aligned}
f&#39;(x) &amp;= [g(x) \cdot h(x)]&#39; = g&#39;(x) \cdot h(x) + g(x) \cdot h&#39;(x) \\
      &amp;= 4 x^{4 - 1} \cdot e^{3 x} + x^{4} \cdot e^{3 x} \cdot 3 \\
      &amp;= e^{3 x} \cdot(4 x^3 + 3 x^{4}) \\
      &amp;= e^{3 x} \cdot x^3 \cdot (4 + 3 x).
\end{aligned}
</annotation></semantics></math>
Evaluated at <math display="inline" xmlns="http://www.w3.org/1998/Math/MathML"><semantics><mrow><mi>x</mi><mo>=</mo><mn>0.62</mn></mrow><annotation encoding="application/x-tex">x = 0.62</annotation></semantics></math>, the answer is
<math display="block" xmlns="http://www.w3.org/1998/Math/MathML"><semantics><mrow><msup><mi>e</mi><mrow><mn>3</mn><mo>⋅</mo><mn>0.62</mn></mrow></msup><mo>⋅</mo><msup><mn>0.62</mn><mn>3</mn></msup><mo>⋅</mo><mrow><mo stretchy="true" form="prefix">(</mo><mn>4</mn><mo>+</mo><mn>3</mn><mo>⋅</mo><mn>0.62</mn><mo stretchy="true" form="postfix">)</mo></mrow><mo>=</mo><mn>8.971404</mn><mi>.</mi></mrow><annotation encoding="application/x-tex"> e^{3 \cdot 0.62} \cdot 0.62^3 \cdot (4 + 3 \cdot 0.62) = 8.971404. </annotation></semantics></math>
Thus, rounded to two digits we have <math display="inline" xmlns="http://www.w3.org/1998/Math/MathML"><semantics><mrow><mi>f</mi><mi>′</mi><mrow><mo stretchy="true" form="prefix">(</mo><mn>0.62</mn><mo stretchy="true" form="postfix">)</mo></mrow><mo>=</mo><mn>8.97</mn></mrow><annotation encoding="application/x-tex">f&#39;(0.62) = 8.97</annotation></semantics></math>.</p>
]]></mattext>
</material>
</flow_mat>
</itemfeedback>
</item>

<item ident="canvasquiz_159134652_section_3_item_3_num" title="Question" maxattempts="1">
<itemcontrol feedbackswitch="No" hintswitch="No" solutionswitch="Yes"/>
<itemmetadata>
<qtimetadata>
<qtimetadatafield>
<fieldlabel>question_type</fieldlabel>
<fieldentry>numerical_question</fieldentry>
</qtimetadatafield>
</qtimetadata>
</itemmetadata>
<presentation>
<flow>
<material>
<matbreak/>
<mattext texttype="text/html" charset="utf-8"><![CDATA[
<p>What is the derivative of <math display="inline" xmlns="http://www.w3.org/1998/Math/MathML"><semantics><mrow><mi>f</mi><mrow><mo stretchy="true" form="prefix">(</mo><mi>x</mi><mo stretchy="true" form="postfix">)</mo></mrow><mo>=</mo><msup><mi>x</mi><mn>7</mn></msup><msup><mi>e</mi><mrow><mn>2</mn><mi>x</mi></mrow></msup></mrow><annotation encoding="application/x-tex">f(x) = x^{7} e^{2 x}</annotation></semantics></math>, evaluated at <math display="inline" xmlns="http://www.w3.org/1998/Math/MathML"><semantics><mrow><mi>x</mi><mo>=</mo><mn>0.55</mn></mrow><annotation encoding="application/x-tex">x = 0.55</annotation></semantics></math>?</p>
]]></mattext>
<matbreak/>
</material>
<response_num ident="canvasquiz_159134652_section_3_item_3_num_RESPONSE_6013690" rcardinality="Single" numtype="Decimal">
<render_fib fibtype="Decimal" maxchars="12">
<flow_label class="Block">
<response_label ident="canvasquiz_159134652_section_3_item_3_num_RESPONSE_6013690" rshuffle="No"/>
</flow_label>
</render_fib>
</response_num>
<material>
<matbreak/>
</material>
</flow>
</presentation>
<resprocessing>
<outcomes>
<decvar varname="SCORE" vartype="Decimal" defaultval="0" minvalue="0" maxvalue="1" cutvalue="1"/>
</outcomes>
<respcondition title="Mastery" continue="No">
<conditionvar>

<or>
<varequal respident="canvasquiz_159134652_section_3_item_3_num_RESPONSE_6013690" case="No"><![CDATA[0.67]]></varequal>
<and>
<vargte respident="canvasquiz_159134652_section_3_item_3_num_RESPONSE_6013690"><![CDATA[0.66]]></vargte>
<varlte respident="canvasquiz_159134652_section_3_item_3_num_RESPONSE_6013690"><![CDATA[0.68]]></varlte>
</and>
</or>
</conditionvar>
<setvar varname="SCORE" action="Set">1</setvar>
<displayfeedback feedbacktype="Response" linkrefid="correct_fb"/>
</respcondition>
<respcondition continue="Yes">
<conditionvar>
<other/>
</conditionvar>
<displayfeedback feedbacktype="Response" linkrefid="general_incorrect_fb"/>
</respcondition>
</resprocessing>
<itemfeedback ident="correct_fb" view="All">
<flow_mat>
<material>
<mattext texttype="text/html"><![CDATA[
<p>Using the product rule for <math display="inline" xmlns="http://www.w3.org/1998/Math/MathML"><semantics><mrow><mi>f</mi><mrow><mo stretchy="true" form="prefix">(</mo><mi>x</mi><mo stretchy="true" form="postfix">)</mo></mrow><mo>=</mo><mi>g</mi><mrow><mo stretchy="true" form="prefix">(</mo><mi>x</mi><mo stretchy="true" form="postfix">)</mo></mrow><mo>⋅</mo><mi>h</mi><mrow><mo stretchy="true" form="prefix">(</mo><mi>x</mi><mo stretchy="true" form="postfix">)</mo></mrow></mrow><annotation encoding="application/x-tex">f(x) = g(x) \cdot h(x)</annotation></semantics></math>, where <math display="inline" xmlns="http://www.w3.org/1998/Math/MathML"><semantics><mrow><mi>g</mi><mrow><mo stretchy="true" form="prefix">(</mo><mi>x</mi><mo stretchy="true" form="postfix">)</mo></mrow><mo>:=</mo><msup><mi>x</mi><mn>7</mn></msup></mrow><annotation encoding="application/x-tex">g(x) := x^{7}</annotation></semantics></math> and <math display="inline" xmlns="http://www.w3.org/1998/Math/MathML"><semantics><mrow><mi>h</mi><mrow><mo stretchy="true" form="prefix">(</mo><mi>x</mi><mo stretchy="true" form="postfix">)</mo></mrow><mo>:=</mo><msup><mi>e</mi><mrow><mn>2</mn><mi>x</mi></mrow></msup></mrow><annotation encoding="application/x-tex">h(x) := e^{2 x}</annotation></semantics></math>, we obtain
<math display="block" xmlns="http://www.w3.org/1998/Math/MathML"><semantics><mtable><mtr><mtd columnalign="right" style="text-align: right"><mi>f</mi><mi>′</mi><mrow><mo stretchy="true" form="prefix">(</mo><mi>x</mi><mo stretchy="true" form="postfix">)</mo></mrow></mtd><mtd columnalign="left" style="text-align: left"><mo>=</mo><mrow><mo stretchy="true" form="prefix">[</mo><mi>g</mi><mrow><mo stretchy="true" form="prefix">(</mo><mi>x</mi><mo stretchy="true" form="postfix">)</mo></mrow><mo>⋅</mo><mi>h</mi><mrow><mo stretchy="true" form="prefix">(</mo><mi>x</mi><mo stretchy="true" form="postfix">)</mo></mrow><mo stretchy="true" form="postfix">]</mo></mrow><mi>′</mi><mo>=</mo><mi>g</mi><mi>′</mi><mrow><mo stretchy="true" form="prefix">(</mo><mi>x</mi><mo stretchy="true" form="postfix">)</mo></mrow><mo>⋅</mo><mi>h</mi><mrow><mo stretchy="true" form="prefix">(</mo><mi>x</mi><mo stretchy="true" form="postfix">)</mo></mrow><mo>+</mo><mi>g</mi><mrow><mo stretchy="true" form="prefix">(</mo><mi>x</mi><mo stretchy="true" form="postfix">)</mo></mrow><mo>⋅</mo><mi>h</mi><mi>′</mi><mrow><mo stretchy="true" form="prefix">(</mo><mi>x</mi><mo stretchy="true" form="postfix">)</mo></mrow></mtd></mtr><mtr><mtd columnalign="right" style="text-align: right"></mtd><mtd columnalign="left" style="text-align: left"><mo>=</mo><mn>7</mn><msup><mi>x</mi><mrow><mn>7</mn><mo>−</mo><mn>1</mn></mrow></msup><mo>⋅</mo><msup><mi>e</mi><mrow><mn>2</mn><mi>x</mi></mrow></msup><mo>+</mo><msup><mi>x</mi><mn>7</mn></msup><mo>⋅</mo><msup><mi>e</mi><mrow><mn>2</mn><mi>x</mi></mrow></msup><mo>⋅</mo><mn>2</mn></mtd></mtr><mtr><mtd columnalign="right" style="text-align: right"></mtd><mtd columnalign="left" style="text-align: left"><mo>=</mo><msup><mi>e</mi><mrow><mn>2</mn><mi>x</mi></mrow></msup><mo>⋅</mo><mrow><mo stretchy="true" form="prefix">(</mo><mn>7</mn><msup><mi>x</mi><mn>6</mn></msup><mo>+</mo><mn>2</mn><msup><mi>x</mi><mn>7</mn></msup><mo stretchy="true" form="postfix">)</mo></mrow></mtd></mtr><mtr><mtd columnalign="right" style="text-align: right"></mtd><mtd columnalign="left" style="text-align: left"><mo>=</mo><msup><mi>e</mi><mrow><mn>2</mn><mi>x</mi></mrow></msup><mo>⋅</mo><msup><mi>x</mi><mn>6</mn></msup><mo>⋅</mo><mrow><mo stretchy="true" form="prefix">(</mo><mn>7</mn><mo>+</mo><mn>2</mn><mi>x</mi><mo stretchy="true" form="postfix">)</mo></mrow><mi>.</mi></mtd></mtr></mtable><annotation encoding="application/x-tex">
\begin{aligned}
f&#39;(x) &amp;= [g(x) \cdot h(x)]&#39; = g&#39;(x) \cdot h(x) + g(x) \cdot h&#39;(x) \\
      &amp;= 7 x^{7 - 1} \cdot e^{2 x} + x^{7} \cdot e^{2 x} \cdot 2 \\
      &amp;= e^{2 x} \cdot(7 x^6 + 2 x^{7}) \\
      &amp;= e^{2 x} \cdot x^6 \cdot (7 + 2 x).
\end{aligned}
</annotation></semantics></math>
Evaluated at <math display="inline" xmlns="http://www.w3.org/1998/Math/MathML"><semantics><mrow><mi>x</mi><mo>=</mo><mn>0.55</mn></mrow><annotation encoding="application/x-tex">x = 0.55</annotation></semantics></math>, the answer is
<math display="block" xmlns="http://www.w3.org/1998/Math/MathML"><semantics><mrow><msup><mi>e</mi><mrow><mn>2</mn><mo>⋅</mo><mn>0.55</mn></mrow></msup><mo>⋅</mo><msup><mn>0.55</mn><mn>6</mn></msup><mo>⋅</mo><mrow><mo stretchy="true" form="prefix">(</mo><mn>7</mn><mo>+</mo><mn>2</mn><mo>⋅</mo><mn>0.55</mn><mo stretchy="true" form="postfix">)</mo></mrow><mo>=</mo><mn>0.673574</mn><mi>.</mi></mrow><annotation encoding="application/x-tex"> e^{2 \cdot 0.55} \cdot 0.55^6 \cdot (7 + 2 \cdot 0.55) = 0.673574. </annotation></semantics></math>
Thus, rounded to two digits we have <math display="inline" xmlns="http://www.w3.org/1998/Math/MathML"><semantics><mrow><mi>f</mi><mi>′</mi><mrow><mo stretchy="true" form="prefix">(</mo><mn>0.55</mn><mo stretchy="true" form="postfix">)</mo></mrow><mo>=</mo><mn>0.67</mn></mrow><annotation encoding="application/x-tex">f&#39;(0.55) = 0.67</annotation></semantics></math>.</p>
]]></mattext>
</material>
</flow_mat>
</itemfeedback>
<itemfeedback ident="general_incorrect_fb" view="All">
<flow_mat>
<material>
<mattext texttype="text/html"><![CDATA[
<p>Using the product rule for <math display="inline" xmlns="http://www.w3.org/1998/Math/MathML"><semantics><mrow><mi>f</mi><mrow><mo stretchy="true" form="prefix">(</mo><mi>x</mi><mo stretchy="true" form="postfix">)</mo></mrow><mo>=</mo><mi>g</mi><mrow><mo stretchy="true" form="prefix">(</mo><mi>x</mi><mo stretchy="true" form="postfix">)</mo></mrow><mo>⋅</mo><mi>h</mi><mrow><mo stretchy="true" form="prefix">(</mo><mi>x</mi><mo stretchy="true" form="postfix">)</mo></mrow></mrow><annotation encoding="application/x-tex">f(x) = g(x) \cdot h(x)</annotation></semantics></math>, where <math display="inline" xmlns="http://www.w3.org/1998/Math/MathML"><semantics><mrow><mi>g</mi><mrow><mo stretchy="true" form="prefix">(</mo><mi>x</mi><mo stretchy="true" form="postfix">)</mo></mrow><mo>:=</mo><msup><mi>x</mi><mn>7</mn></msup></mrow><annotation encoding="application/x-tex">g(x) := x^{7}</annotation></semantics></math> and <math display="inline" xmlns="http://www.w3.org/1998/Math/MathML"><semantics><mrow><mi>h</mi><mrow><mo stretchy="true" form="prefix">(</mo><mi>x</mi><mo stretchy="true" form="postfix">)</mo></mrow><mo>:=</mo><msup><mi>e</mi><mrow><mn>2</mn><mi>x</mi></mrow></msup></mrow><annotation encoding="application/x-tex">h(x) := e^{2 x}</annotation></semantics></math>, we obtain
<math display="block" xmlns="http://www.w3.org/1998/Math/MathML"><semantics><mtable><mtr><mtd columnalign="right" style="text-align: right"><mi>f</mi><mi>′</mi><mrow><mo stretchy="true" form="prefix">(</mo><mi>x</mi><mo stretchy="true" form="postfix">)</mo></mrow></mtd><mtd columnalign="left" style="text-align: left"><mo>=</mo><mrow><mo stretchy="true" form="prefix">[</mo><mi>g</mi><mrow><mo stretchy="true" form="prefix">(</mo><mi>x</mi><mo stretchy="true" form="postfix">)</mo></mrow><mo>⋅</mo><mi>h</mi><mrow><mo stretchy="true" form="prefix">(</mo><mi>x</mi><mo stretchy="true" form="postfix">)</mo></mrow><mo stretchy="true" form="postfix">]</mo></mrow><mi>′</mi><mo>=</mo><mi>g</mi><mi>′</mi><mrow><mo stretchy="true" form="prefix">(</mo><mi>x</mi><mo stretchy="true" form="postfix">)</mo></mrow><mo>⋅</mo><mi>h</mi><mrow><mo stretchy="true" form="prefix">(</mo><mi>x</mi><mo stretchy="true" form="postfix">)</mo></mrow><mo>+</mo><mi>g</mi><mrow><mo stretchy="true" form="prefix">(</mo><mi>x</mi><mo stretchy="true" form="postfix">)</mo></mrow><mo>⋅</mo><mi>h</mi><mi>′</mi><mrow><mo stretchy="true" form="prefix">(</mo><mi>x</mi><mo stretchy="true" form="postfix">)</mo></mrow></mtd></mtr><mtr><mtd columnalign="right" style="text-align: right"></mtd><mtd columnalign="left" style="text-align: left"><mo>=</mo><mn>7</mn><msup><mi>x</mi><mrow><mn>7</mn><mo>−</mo><mn>1</mn></mrow></msup><mo>⋅</mo><msup><mi>e</mi><mrow><mn>2</mn><mi>x</mi></mrow></msup><mo>+</mo><msup><mi>x</mi><mn>7</mn></msup><mo>⋅</mo><msup><mi>e</mi><mrow><mn>2</mn><mi>x</mi></mrow></msup><mo>⋅</mo><mn>2</mn></mtd></mtr><mtr><mtd columnalign="right" style="text-align: right"></mtd><mtd columnalign="left" style="text-align: left"><mo>=</mo><msup><mi>e</mi><mrow><mn>2</mn><mi>x</mi></mrow></msup><mo>⋅</mo><mrow><mo stretchy="true" form="prefix">(</mo><mn>7</mn><msup><mi>x</mi><mn>6</mn></msup><mo>+</mo><mn>2</mn><msup><mi>x</mi><mn>7</mn></msup><mo stretchy="true" form="postfix">)</mo></mrow></mtd></mtr><mtr><mtd columnalign="right" style="text-align: right"></mtd><mtd columnalign="left" style="text-align: left"><mo>=</mo><msup><mi>e</mi><mrow><mn>2</mn><mi>x</mi></mrow></msup><mo>⋅</mo><msup><mi>x</mi><mn>6</mn></msup><mo>⋅</mo><mrow><mo stretchy="true" form="prefix">(</mo><mn>7</mn><mo>+</mo><mn>2</mn><mi>x</mi><mo stretchy="true" form="postfix">)</mo></mrow><mi>.</mi></mtd></mtr></mtable><annotation encoding="application/x-tex">
\begin{aligned}
f&#39;(x) &amp;= [g(x) \cdot h(x)]&#39; = g&#39;(x) \cdot h(x) + g(x) \cdot h&#39;(x) \\
      &amp;= 7 x^{7 - 1} \cdot e^{2 x} + x^{7} \cdot e^{2 x} \cdot 2 \\
      &amp;= e^{2 x} \cdot(7 x^6 + 2 x^{7}) \\
      &amp;= e^{2 x} \cdot x^6 \cdot (7 + 2 x).
\end{aligned}
</annotation></semantics></math>
Evaluated at <math display="inline" xmlns="http://www.w3.org/1998/Math/MathML"><semantics><mrow><mi>x</mi><mo>=</mo><mn>0.55</mn></mrow><annotation encoding="application/x-tex">x = 0.55</annotation></semantics></math>, the answer is
<math display="block" xmlns="http://www.w3.org/1998/Math/MathML"><semantics><mrow><msup><mi>e</mi><mrow><mn>2</mn><mo>⋅</mo><mn>0.55</mn></mrow></msup><mo>⋅</mo><msup><mn>0.55</mn><mn>6</mn></msup><mo>⋅</mo><mrow><mo stretchy="true" form="prefix">(</mo><mn>7</mn><mo>+</mo><mn>2</mn><mo>⋅</mo><mn>0.55</mn><mo stretchy="true" form="postfix">)</mo></mrow><mo>=</mo><mn>0.673574</mn><mi>.</mi></mrow><annotation encoding="application/x-tex"> e^{2 \cdot 0.55} \cdot 0.55^6 \cdot (7 + 2 \cdot 0.55) = 0.673574. </annotation></semantics></math>
Thus, rounded to two digits we have <math display="inline" xmlns="http://www.w3.org/1998/Math/MathML"><semantics><mrow><mi>f</mi><mi>′</mi><mrow><mo stretchy="true" form="prefix">(</mo><mn>0.55</mn><mo stretchy="true" form="postfix">)</mo></mrow><mo>=</mo><mn>0.67</mn></mrow><annotation encoding="application/x-tex">f&#39;(0.55) = 0.67</annotation></semantics></math>.</p>
]]></mattext>
</material>
</flow_mat>
</itemfeedback>
</item>


</section>

</assessment>
</questestinterop>
